INSERT INTO menu_schema.menu_type VALUES("DAY_MENU","EVERY DAY BETWEEN {START_DATE} and {END_DATE}");
INSERT INTO menu_schema.menu_type VALUES("PERIOD_MENU","FROM {START_DATE} to {END_DATE}");
INSERT INTO menu_schema.menu_type VALUES("SOUP_OF_THE_DAY","EVERY DAY BETWEEN {START_DATE} and {END_DATE}");
INSERT INTO menu_schema.menu_type VALUES("CATCH_OF_THE_DAY","FROM {START_DATE} to {END_DATE}");
INSERT INTO menu_schema.menu_type VALUES("TUESDAY_MENU","FROM {START_DATE} to {END_DATE}");
INSERT INTO menu_schema.menu_type VALUES("WEDNESDAY_MENU","EVERY DAY BETWEEN {START_DATE} and {END_DATE}");
INSERT INTO menu_schema.menu_type VALUES("WEEKEND_MENU","FROM {START_DATE} to {END_DATE}");
INSERT INTO menu_schema.menu_type VALUES("POST_MENU","EVERY DAY BETWEEN {START_DATE} and {END_DATE}");
INSERT INTO menu_schema.menu_type VALUES("VEGAN_MENU","FROM {START_DATE} to {END_DATE}");
INSERT INTO menu_schema.menu_type VALUES("DIET_MENU","EVERY DAY BETWEEN {START_DATE} and {END_DATE}");

INSERT INTO menu_schema.quantity_type VALUES("KG");
INSERT INTO menu_schema.quantity_type VALUES("G");
INSERT INTO menu_schema.quantity_type VALUES("PIECE");
INSERT INTO menu_schema.quantity_type VALUES("ML");
INSERT INTO menu_schema.quantity_type VALUES("L");

INSERT INTO menu_schema.ingredient VALUES("TOMATO","KG");
INSERT INTO menu_schema.ingredient VALUES("SALAMI","PIECE");
INSERT INTO menu_schema.ingredient VALUES("BACON","KG");
INSERT INTO menu_schema.ingredient VALUES("MOZZARELLA","KG");
INSERT INTO menu_schema.ingredient VALUES("OLIV","G");
INSERT INTO menu_schema.ingredient VALUES("EGG","PIECE");
INSERT INTO menu_schema.ingredient VALUES("PEPPER","KG");
INSERT INTO menu_schema.ingredient VALUES("ONION","KG");
INSERT INTO menu_schema.ingredient VALUES("GARLIC","KG");
INSERT INTO menu_schema.ingredient VALUES("CORN","KG");
INSERT INTO menu_schema.ingredient VALUES("MUSHROOM","KG");
INSERT INTO menu_schema.ingredient VALUES("OLIVER","KG");
INSERT INTO menu_schema.ingredient VALUES("PATATO","KG");
INSERT INTO menu_schema.ingredient VALUES("LETTUCE","PIECE");
INSERT INTO menu_schema.ingredient VALUES("CUCUMBER","KG");
INSERT INTO menu_schema.ingredient VALUES("OIL","L");
INSERT INTO menu_schema.ingredient VALUES("SALT","G");
INSERT INTO menu_schema.ingredient VALUES("VINEGAR","L");
INSERT INTO menu_schema.ingredient VALUES("CHEESE","KG");

INSERT INTO menu_schema.ingredient VALUES("CRAB","PIECE");
INSERT INTO menu_schema.ingredient VALUES("SQUID","KG");
INSERT INTO menu_schema.ingredient VALUES("SHRIMP","KG");
INSERT INTO menu_schema.ingredient VALUES("SOLOMON STEAK","KG");
INSERT INTO menu_schema.ingredient VALUES("CRAYFISH","KG");
INSERT INTO menu_schema.ingredient VALUES("SHELL","KG");
INSERT INTO menu_schema.ingredient VALUES("OCTOPUS","KG");
INSERT INTO menu_schema.ingredient VALUES("TUNA","KG");

INSERT INTO menu_schema.ingredient VALUES("PIG HEAD","KG");
INSERT INTO menu_schema.ingredient VALUES("PORK CHOP","KG");
INSERT INTO menu_schema.ingredient VALUES("CHICKEN BREAST","KG");
INSERT INTO menu_schema.ingredient VALUES("SAUSAGES","KG");
INSERT INTO menu_schema.ingredient VALUES("BEEF","KG");
INSERT INTO menu_schema.ingredient VALUES("BREAD","PIECE");

INSERT INTO menu_schema.ingredient VALUES("APPLE","KG");
INSERT INTO menu_schema.ingredient VALUES("BANANA","KG");
INSERT INTO menu_schema.ingredient VALUES("STRAWBERRY","KG");
INSERT INTO menu_schema.ingredient VALUES("LEMON","KG");
INSERT INTO menu_schema.ingredient VALUES("GRAPE","KG");
INSERT INTO menu_schema.ingredient VALUES("PEAR","KG");
INSERT INTO menu_schema.ingredient VALUES("KIWI","KG");
INSERT INTO menu_schema.ingredient VALUES("ORANGE","KG");
INSERT INTO menu_schema.ingredient VALUES("WATERMELON","KG");

INSERT INTO menu_schema.RECIPE(NAME,DESCRIPTION,COOK_TIME,RESTAURANT_ID) VALUES( "PIZZA CLASSIC","PIZZA CLASSIC: The best pizza in town!",30,"Beraria H");
INSERT INTO menu_schema.RECIPE(NAME,DESCRIPTION,COOK_TIME,RESTAURANT_ID) VALUES( "TUNA SALAD","TUNA SALAD: The best salad!",20,"Beraria H");
INSERT INTO menu_schema.RECIPE(NAME,DESCRIPTION,COOK_TIME,RESTAURANT_ID) VALUES( "SHIMPS","SHIMPS: The best shimps in Europe ",25,"Beraria H");
INSERT INTO menu_schema.RECIPE(NAME,DESCRIPTION,COOK_TIME,RESTAURANT_ID) VALUES( "BEEF","BEEF BURGER: The best burger in the world! ",40,"Beraria H");
INSERT INTO menu_schema.RECIPE(NAME,DESCRIPTION,COOK_TIME,RESTAURANT_ID) VALUES( "MIXED SALAD","MIXED SALAD: The healthiest food",10,"Beraria H");
INSERT INTO menu_schema.RECIPE(NAME,DESCRIPTION,COOK_TIME,RESTAURANT_ID) VALUES( "FRUIT SALAD","FRUIT SALAD: Fresh salad!",15,"Beraria H");
INSERT INTO menu_schema.RECIPE(NAME,DESCRIPTION,COOK_TIME,RESTAURANT_ID) VALUES( "FILLET STEAK","FILLET STEAK: ",20,"Beraria H");
INSERT INTO menu_schema.RECIPE(NAME,DESCRIPTION,COOK_TIME,RESTAURANT_ID) VALUES( "ROAST CHICKEN","ROAST CHICKEN: ",25,"Beraria H");
INSERT INTO menu_schema.RECIPE(NAME,DESCRIPTION,COOK_TIME,RESTAURANT_ID) VALUES( "ROAST BEEF","ROAST BEEF: ",25,"Beraria H");
INSERT INTO menu_schema.RECIPE(NAME,DESCRIPTION,COOK_TIME,RESTAURANT_ID) VALUES( "CHEESECAKE","CHEESECAKE: ",35,"Beraria H");
INSERT INTO menu_schema.RECIPE(NAME,DESCRIPTION,COOK_TIME,RESTAURANT_ID) VALUES( "ROASTED VEGETABLES","ROASTED VEGETABLES: ",15,"Beraria H");

-- INSERT INTO menu_schema.RECIPE_INGREDIENT VALUES("PIZZA CLASSIC","TOMATO",0.5);
-- INSERT INTO menu_schema.RECIPE_INGREDIENT VALUES("PIZZA CLASSIC","BACON",0.3);
-- INSERT INTO menu_schema.RECIPE_INGREDIENT VALUES("PIZZA CLASSIC","MOZZARELLA",0.6);
-- INSERT INTO menu_schema.RECIPE_INGREDIENT VALUES("PIZZA CLASSIC","ONION",0.1);
-- INSERT INTO menu_schema.RECIPE_INGREDIENT VALUES("PIZZA CLASSIC","MUSHROOM",0.3);
-- INSERT INTO menu_schema.RECIPE_INGREDIENT VALUES("PIZZA CLASSIC","OLIVER",0.4);
-- INSERT INTO menu_schema.RECIPE_INGREDIENT VALUES("PIZZA CLASSIC","SALAMI",0.3);
-- INSERT INTO menu_schema.RECIPE_INGREDIENT VALUES("CHEESECAKE","TUNA",0.6);
-- INSERT INTO menu_schema.RECIPE_INGREDIENT VALUES("CHEESECAKE","EGG",4);
-- INSERT INTO menu_schema.RECIPE_INGREDIENT VALUES("CHEESECAKE","CORN",0.1);
-- INSERT INTO menu_schema.RECIPE_INGREDIENT VALUES("CHEESECAKE","CUCUMBER",0.4);
-- INSERT INTO menu_schema.RECIPE_INGREDIENT VALUES("CHEESECAKE","ONION",0.2);
-- INSERT INTO menu_schema.RECIPE_INGREDIENT VALUES("CHEESECAKE","OLIVER",0.1);
-- INSERT INTO menu_schema.RECIPE_INGREDIENT VALUES("CHEESECAKE","CHEESE",0.2);
-- INSERT INTO menu_schema.RECIPE_INGREDIENT VALUES("CHEESECAKE","LETTUCE",1);
-- INSERT INTO menu_schema.RECIPE_INGREDIENT VALUES("CHEESECAKE","SALT",10);
-- INSERT INTO menu_schema.RECIPE_INGREDIENT VALUES("CHEESECAKE","OIL",0.1);
-- INSERT INTO menu_schema.RECIPE_INGREDIENT VALUES("CHEESECAKE","VINEGAR",0.1);
-- INSERT INTO menu_schema.RECIPE_INGREDIENT VALUES("FRUIT SALAD","APPLE",0.1);
-- INSERT INTO menu_schema.RECIPE_INGREDIENT VALUES("FRUIT SALAD","BANANA",0.1);
-- INSERT INTO menu_schema.RECIPE_INGREDIENT VALUES("FRUIT SALAD","STRAWBERRY",0.1);
-- INSERT INTO menu_schema.RECIPE_INGREDIENT VALUES("FRUIT SALAD","KIWI",0.1);
-- INSERT INTO menu_schema.RECIPE_INGREDIENT VALUES("FRUIT SALAD","GRAPE",0.1);
-- INSERT INTO menu_schema.RECIPE_INGREDIENT VALUES("FRUIT SALAD","PEAR",0.1);
-- INSERT INTO menu_schema.RECIPE_INGREDIENT VALUES("FRUIT SALAD","WATERMELON",0.1);

INSERT INTO menu_schema.submenu(NAME,PATH_TO_PHOTO,RESTAURANT_ID) VALUES("MC Combo",NULL,"Beraria H");
INSERT INTO menu_schema.submenu(NAME,PATH_TO_PHOTO,RESTAURANT_ID) VALUES("PIZZA CLASSIC + Coke",NULL,"Beraria H");
INSERT INTO menu_schema.submenu(NAME,PATH_TO_PHOTO,RESTAURANT_ID) VALUES("Burger Combo",NULL,"Beraria H");
INSERT INTO menu_schema.submenu(NAME,PATH_TO_PHOTO,RESTAURANT_ID) VALUES("Christmas Burger",NULL,"Beraria H");
INSERT INTO menu_schema.submenu(NAME,PATH_TO_PHOTO,RESTAURANT_ID) VALUES("FRUIT SALAD + Water",NULL,"Beraria H");
INSERT INTO menu_schema.submenu(NAME,PATH_TO_PHOTO,RESTAURANT_ID) VALUES("Breakfast + Coffe",NULL,"Beraria H");
INSERT INTO menu_schema.submenu(NAME,PATH_TO_PHOTO,RESTAURANT_ID) VALUES("Christmas breakfast",NULL,"Beraria H");
INSERT INTO menu_schema.submenu(NAME,PATH_TO_PHOTO,RESTAURANT_ID) VALUES("Shimps",NULL,"Beraria H");
INSERT INTO menu_schema.submenu(NAME,PATH_TO_PHOTO,RESTAURANT_ID) VALUES("Chocolate cake",NULL,"Beraria H");
INSERT INTO menu_schema.submenu(NAME,PATH_TO_PHOTO,RESTAURANT_ID) VALUES("Apple pie",NULL,"Beraria H");
INSERT INTO menu_schema.submenu(NAME,PATH_TO_PHOTO,RESTAURANT_ID) VALUES("Onion rings",NULL,"Beraria H");
INSERT INTO menu_schema.submenu(NAME,PATH_TO_PHOTO,RESTAURANT_ID) VALUES("Roast chicken",NULL,"Beraria H");
INSERT INTO menu_schema.submenu(NAME,PATH_TO_PHOTO,RESTAURANT_ID) VALUES("Mixed salad",NULL,"Beraria H");

update menu_schema.submenu set description = id;

INSERT INTO menu_schema.CATEGORY VALUES ("BEEF");
INSERT INTO menu_schema.CATEGORY VALUES ("PASTA");
INSERT INTO menu_schema.CATEGORY VALUES ("FRUIT");
INSERT INTO menu_schema.CATEGORY VALUES ("SAUCE");
INSERT INTO menu_schema.CATEGORY VALUES ("PIZZA");
INSERT INTO menu_schema.CATEGORY VALUES ("CHICKEN");
INSERT INTO menu_schema.CATEGORY VALUES ("SOUP");
INSERT INTO menu_schema.CATEGORY VALUES ("SEAFOOD");
INSERT INTO menu_schema.CATEGORY VALUES ("SALAD");
INSERT INTO menu_schema.CATEGORY VALUES ("DESSERT");
INSERT INTO menu_schema.CATEGORY VALUES ("BURGER");

INSERT INTO menu_schema.SUBCATEGORY VALUES ("SBEEF");
INSERT INTO menu_schema.SUBCATEGORY VALUES ("SPASTA");
INSERT INTO menu_schema.SUBCATEGORY VALUES ("SFRUIT");
INSERT INTO menu_schema.SUBCATEGORY VALUES ("SPIZZA");
INSERT INTO menu_schema.SUBCATEGORY VALUES ("SCHICKEN");

-- INSERT INTO menu_schema.SUBCATEGORY_SUBMENU VALUES("SPIZZA","PIZZA CLASSIC + Coke");
-- INSERT INTO menu_schema.SUBCATEGORY_SUBMENU VALUES("SBEEF","PIZZA CLASSIC + Coke");

-- INSERT INTO menu_schema.SUBMENU_RECIPE VALUES("Burger Combo","BEEF","PASTA",1,0);
