INSERT INTO menu_schema.menu_type VALUES("DAY_MENU","EVERY DAY BETWEEN {START_DATE} and {END_DATE}");
INSERT INTO menu_schema.menu_type VALUES("PERIOD_MENU","FROM {START_DATE} to {END_DATE}");
INSERT INTO menu_schema.menu_type VALUES("SOUP_OF_THE_DAY","EVERY DAY BETWEEN {START_DATE} and {END_DATE}");
INSERT INTO menu_schema.menu_type VALUES("CATCH_OF_THE_DAY","FROM {START_DATE} to {END_DATE}");
INSERT INTO menu_schema.menu_type VALUES("TUESDAY_MENU","FROM {START_DATE} to {END_DATE}");
INSERT INTO menu_schema.menu_type VALUES("WEDNESDAY_MENU","EVERY DAY BETWEEN {START_DATE} and {END_DATE}");
INSERT INTO menu_schema.menu_type VALUES("WEEKEND_MENU","FROM {START_DATE} to {END_DATE}");
INSERT INTO menu_schema.menu_type VALUES("POST_MENU","EVERY DAY BETWEEN {START_DATE} and {END_DATE}");
INSERT INTO menu_schema.menu_type VALUES("VEGAN_MENU","FROM {START_DATE} to {END_DATE}");
INSERT INTO menu_schema.menu_type VALUES("DIET_MENU","EVERY DAY BETWEEN {START_DATE} and {END_DATE}");

INSERT INTO menu_schema.quantity_type VALUES("KG");
INSERT INTO menu_schema.quantity_type VALUES("G");
INSERT INTO menu_schema.quantity_type VALUES("PIECE");
INSERT INTO menu_schema.quantity_type VALUES("ML");
INSERT INTO menu_schema.quantity_type VALUES("L");

INSERT INTO menu_schema.ingredient VALUES("TOMATO","KG");
INSERT INTO menu_schema.ingredient VALUES("SALAMI","PIECE");
INSERT INTO menu_schema.ingredient VALUES("BACON","KG");
INSERT INTO menu_schema.ingredient VALUES("MOZZARELLA","KG");
INSERT INTO menu_schema.ingredient VALUES("OLIV","G");
INSERT INTO menu_schema.ingredient VALUES("EGG","PIECE");
INSERT INTO menu_schema.ingredient VALUES("PEPPER","KG");
INSERT INTO menu_schema.ingredient VALUES("ONION","KG");
INSERT INTO menu_schema.ingredient VALUES("GARLIC","KG");
INSERT INTO menu_schema.ingredient VALUES("CORN","KG");
INSERT INTO menu_schema.ingredient VALUES("MUSHROOM","KG");
INSERT INTO menu_schema.ingredient VALUES("OLIVER","KG");
INSERT INTO menu_schema.ingredient VALUES("PATATO","KG");
INSERT INTO menu_schema.ingredient VALUES("LETTUCE","PIECE");
INSERT INTO menu_schema.ingredient VALUES("CUCUMBER","KG");
INSERT INTO menu_schema.ingredient VALUES("OIL","L");
INSERT INTO menu_schema.ingredient VALUES("SALT","G");
INSERT INTO menu_schema.ingredient VALUES("VINEGAR","L");
INSERT INTO menu_schema.ingredient VALUES("CHEESE","KG");

INSERT INTO menu_schema.ingredient VALUES("CRAB","PIECE");
INSERT INTO menu_schema.ingredient VALUES("SQUID","KG");
INSERT INTO menu_schema.ingredient VALUES("SHRIMP","KG");
INSERT INTO menu_schema.ingredient VALUES("SOLOMON STEAK","KG");
INSERT INTO menu_schema.ingredient VALUES("CRAYFISH","KG");
INSERT INTO menu_schema.ingredient VALUES("SHELL","KG");
INSERT INTO menu_schema.ingredient VALUES("OCTOPUS","KG");
INSERT INTO menu_schema.ingredient VALUES("TUNA","KG");

INSERT INTO menu_schema.ingredient VALUES("PIG HEAD","KG");
INSERT INTO menu_schema.ingredient VALUES("PORK CHOP","KG");
INSERT INTO menu_schema.ingredient VALUES("CHICKEN BREAST","KG");
INSERT INTO menu_schema.ingredient VALUES("SAUSAGES","KG");
INSERT INTO menu_schema.ingredient VALUES("BEEF","KG");
INSERT INTO menu_schema.ingredient VALUES("BREAD","PIECE");

INSERT INTO menu_schema.ingredient VALUES("APPLE","KG");
INSERT INTO menu_schema.ingredient VALUES("BANANA","KG");
INSERT INTO menu_schema.ingredient VALUES("STRAWBERRY","KG");
INSERT INTO menu_schema.ingredient VALUES("LEMON","KG");
INSERT INTO menu_schema.ingredient VALUES("GRAPE","KG");
INSERT INTO menu_schema.ingredient VALUES("PEAR","KG");
INSERT INTO menu_schema.ingredient VALUES("KIWI","KG");
INSERT INTO menu_schema.ingredient VALUES("ORANGE","KG");
INSERT INTO menu_schema.ingredient VALUES("WATERMELON","KG");

INSERT INTO menu_schema.RECIPE(ID,DESCRIPTION,COOK_TIME) VALUES( "PIZZA CLASSIC","PIZZA CLASSIC: The best pizza in town!",30);
INSERT INTO menu_schema.RECIPE(ID,DESCRIPTION,COOK_TIME) VALUES( "TUNA SALAD","TUNA SALAD: The best salad!",20);
INSERT INTO menu_schema.RECIPE(ID,DESCRIPTION,COOK_TIME) VALUES( "SHIMPS","SHIMPS: The best shimps in Europe ",25);
INSERT INTO menu_schema.RECIPE(ID,DESCRIPTION,COOK_TIME) VALUES( "BEEF","BEEF BURGER: The best burger in the world! ",40);
INSERT INTO menu_schema.RECIPE(ID,DESCRIPTION,COOK_TIME) VALUES( "MIXED SALAD","MIXED SALAD: The healthiest food",10);
INSERT INTO menu_schema.RECIPE(ID,DESCRIPTION,COOK_TIME) VALUES( "FRUIT SALAD","FRUIT SALAD: Fresh salad!",15);
INSERT INTO menu_schema.RECIPE(ID,DESCRIPTION,COOK_TIME) VALUES( "FILLET STEAK","FILLET STEAK: ",20);
INSERT INTO menu_schema.RECIPE(ID,DESCRIPTION,COOK_TIME) VALUES( "ROAST CHICKEN","ROAST CHICKEN: ",25);
INSERT INTO menu_schema.RECIPE(ID,DESCRIPTION,COOK_TIME) VALUES( "ROAST BEEF","ROAST BEEF: ",25);
INSERT INTO menu_schema.RECIPE(ID,DESCRIPTION,COOK_TIME) VALUES( "CHEESECAKE","CHEESECAKE: ",35);
INSERT INTO menu_schema.RECIPE(ID,DESCRIPTION,COOK_TIME) VALUES( "ROASTED VEGETABLES","ROASTED VEGETABLES: ",15);

INSERT INTO menu_schema.RECIPE_INGREDIENT VALUES("PIZZA CLASSIC","TOMATO",0.5);
INSERT INTO menu_schema.RECIPE_INGREDIENT VALUES("PIZZA CLASSIC","BACON",0.3);
INSERT INTO menu_schema.RECIPE_INGREDIENT VALUES("PIZZA CLASSIC","MOZZARELLA",0.6);
INSERT INTO menu_schema.RECIPE_INGREDIENT VALUES("PIZZA CLASSIC","ONION",0.1);
INSERT INTO menu_schema.RECIPE_INGREDIENT VALUES("PIZZA CLASSIC","MUSHROOM",0.3);
INSERT INTO menu_schema.RECIPE_INGREDIENT VALUES("PIZZA CLASSIC","OLIVER",0.4);
INSERT INTO menu_schema.RECIPE_INGREDIENT VALUES("PIZZA CLASSIC","SALAMI",0.3);
INSERT INTO menu_schema.RECIPE_INGREDIENT VALUES("CHEESECAKE","TUNA",0.6);
INSERT INTO menu_schema.RECIPE_INGREDIENT VALUES("CHEESECAKE","EGG",4);
INSERT INTO menu_schema.RECIPE_INGREDIENT VALUES("CHEESECAKE","CORN",0.1);
INSERT INTO menu_schema.RECIPE_INGREDIENT VALUES("CHEESECAKE","CUCUMBER",0.4);
INSERT INTO menu_schema.RECIPE_INGREDIENT VALUES("CHEESECAKE","ONION",0.2);
INSERT INTO menu_schema.RECIPE_INGREDIENT VALUES("CHEESECAKE","OLIVER",0.1);
INSERT INTO menu_schema.RECIPE_INGREDIENT VALUES("CHEESECAKE","CHEESE",0.2);
INSERT INTO menu_schema.RECIPE_INGREDIENT VALUES("CHEESECAKE","LETTUCE",1);
INSERT INTO menu_schema.RECIPE_INGREDIENT VALUES("CHEESECAKE","SALT",10);
INSERT INTO menu_schema.RECIPE_INGREDIENT VALUES("CHEESECAKE","OIL",0.1);
INSERT INTO menu_schema.RECIPE_INGREDIENT VALUES("CHEESECAKE","VINEGAR",0.1);
INSERT INTO menu_schema.RECIPE_INGREDIENT VALUES("FRUIT SALAD","APPLE",0.1);
INSERT INTO menu_schema.RECIPE_INGREDIENT VALUES("FRUIT SALAD","BANANA",0.1);
INSERT INTO menu_schema.RECIPE_INGREDIENT VALUES("FRUIT SALAD","STRAWBERRY",0.1);
INSERT INTO menu_schema.RECIPE_INGREDIENT VALUES("FRUIT SALAD","KIWI",0.1);
INSERT INTO menu_schema.RECIPE_INGREDIENT VALUES("FRUIT SALAD","GRAPE",0.1);
INSERT INTO menu_schema.RECIPE_INGREDIENT VALUES("FRUIT SALAD","PEAR",0.1);
INSERT INTO menu_schema.RECIPE_INGREDIENT VALUES("FRUIT SALAD","WATERMELON",0.1);


